{
  "project_info": {
    "project_number": "490267559936",
    "project_id": "prueba-20f9b",
    "storage_bucket": "prueba-20f9b.firebasestorage.app"
  },
  "client": [
    {
      "client_info": {
        "mobilesdk_app_id": "1:490267559936:android:d98d41bdf51e17a9a5f0e5",
        "android_client_info": {
          "package_name": "com.example.h1_t1_hugo_garcia_pm"
        }
      },
      "oauth_client": [],
      "api_key": [
        {
          "current_key": "AIzaSyDN5kCZgRX1tfigR15RMCOaKzbW-6skcJg"
        }
      ],
      "services": {
        "appinvite_service": {
          "other_platform_oauth_client": []
        }
      }
    }
  ],
  "configuration_version": "1"
}